,Canada,SkinsVault,melty,NeckBreak,KDDA,HellRaisers,CzechRepublic,myRevenge,ACES,BLUEJAYS,Mortality,Nface,G2,Epsilonfe,PCBox,NetcodeGuides.com,summa.gg,VexX,Mindplay,XPC,J2G,UESmash,Finland,FACEITStaff,StormStudioStaff,BlackRavens,TRICKED,3DMAX,QeeYou,AWAKE,stfuNerd,Turkey,TSM,TSK,AVANTGARDE,Cloud9,Bovines,Slovakia,MALIK,Aperture,TST,mousesports,Norway,Aviato,BOXR,VegaSquadron,SK,AGT,fSociety,Montenegro,WOOSAH,NewZealand,B2A,KBP,Indonesia,EZonTheSoul,Libya,MIXCAT,1337,UnitedEstonia,DSS,Fraglider.ptStaff,IGG,Insidious,Exait,Airwalkers,Portugal,Tectonic,SLTV.selectahStaff,Cyprus,pMd,eXanimo,Vietnam,HD4R,MnM,Veneration,Team8,KappaKappa,private,GLG,GUS-Gaming,SetToDestroyX,3sUP,WiLD,ajuri,LCStaff,Immunity,AliGon,Australia,99damage.deStaff,Renegades,overGame,Vakarm.netStaff,Immersive,x6tence,Altitude,DIONAPPA,In-Finity,Nepal,Denmark,Philippines,GameShowStaff,Zbrilo,Morocco,CLGRed,DireWolves,xGame.KZ,carboN,SKStaff,Estonia,tryPANTS,Hyphen,Teamless.gg,MMM,WaveForm,Aftermatch,BalkanBears,k1ck,NTC,Panthers,CAZ,SententiaMortis,Exile5,E-frag.netStaff,unu.AiN,Quintic,WebersWarriors,AlienTech.Black,compLexity,Wizards,EasyFix,MOTV,hard'N'play,EpiphanyBolt,Noble,Russia,FolloweSports.com,OMNIPOTENCE,MiA,Goodgame.ruStaff,Fraternitas,meltyfe,madjicK,THEOLDGUARD,BitterSweetGG,SLTVStaff,INFINITY,FlipSid3Staff,Trifecta,LANDODGERS,HEAT,SuckBrickKids,AnxietyPack,Elysium,Hungary,xqR,DEMGUNZ,LDLCWhite,FTW.AcaPrinfor,QuetzaL,Mexico,Excellence,1GAME.uaStaff,KOWABUNGA,TheMongolz,Games4ufe,GdanskLions,myXMG,Expendables,Nostalgie,TMVG,All-StarsNA,OK2STRONG,ttc,ATB,TheFlyingV,NewEra,EURONICS,chosen,AlienTech,CYGANS,RB,SIBWAY,Spain,R5,Evolution,GREATONE-LINERS,DeToNator,GameplayDNA,MASSACRE-ZONE,webSPELL,FolloweSports,nerdRage,XENEX,Skillz.lvStaff,India,Hajvani,HungarianEsportTV,BZSX,INSHOCK,Paranoia,ZAC,RapturePlay,VingeN,SkitLite,CSGOCasino.net,Aspen,WinneR,EGB.comStaff,p@p@d@s,Renaissance,Vengeance,China,SpaceSoldiers,Pt3eu,MaximumEffort,Distinct5,ENCORE,KoNNorway,Ukraine,HLTV.orgStaff,Invited,ALTERNATE,Fredde,NoProblem!,MTW,dAT,USSR,ex-eLevate,eXeS,Infinity,JakeBube,Seelachs,Bulgaria,Ubinited,volgare,Algeria,SriLanka,TRIDENT,BTY,N4K,Dexterityfe,Acer,Divine,CSGO-Saloon,MONARCHS,beGenius,fm-eSports,eSuba,AsusROG,EYESONU,Coast,CeX,ZZCY,Rasta,mouseSpaz,xile,AGENT,ENTiTY,KeydStars,ex-Reason,Belgium,Comeback,Why.eSports,31337,All-StarTiger,CLG,GamePub,HKES,ReapWhatYouSow,KoNSweden,Puzzle,Titan,myXMGStaff,HellRaisers.proStaff,HS.GG,H2B,Caseking,Wrecking,Serbia,Leader-1,All-StarsEurope,Secret,Rhythm,Forge,NiP,roflhehe,Brutality,Freaks4UStaff,NapalmeSports,eBettle,eNergy,34united,Bravado,Disruption,Propertyfe,Germany,FLUGGENKLINGENKEIN,Kazakhstan,MISZCZOWIEGRY,WEPLAY,VERYT0X1C,Kyrgyzstan,HEADSHOTBG,Deponeret,Gamerdesk,Greece,Orbit,Egypt,PerilousRAGE,Coastless,Enso,CPLAY,LGB,Dynasty,Violetdreams,FiveGuys,DISMAY,Denial,eaZyQuaL,BarelyPositive,Penguin,EYESports,h00liGaNz,3v,nEophyte,Palestine,EternalConflict,KoNDenmark,PrecisionGaming,Games4u,Epsilon,LeiSuRe,fnatic,SYNRGY,XPCStaff,Earthquake,Braindead,NightRaid,Area51,dope,auRa,GirlsGeneration,SYF,Gosu,NewErafe,RampageKillers,SouthAfrica,Platinium,Evokate,Incursion,Conquest,Virtus.proStaff,Recursive,mesport.hu,CPHWolves,Paradox,KILLERFISH,LDLCBlue,iSg.vA,France,DenDD,Venom,VatosLocos,SAIDERc,FTW,faithIN,Planetkey,RIPFonty,OHYEA,Infused,EZskins.com,DamageControl,eXtasis,E-frag.net,CSGL,Crystallize,Ascendancy,XPRESIV'E,Vexed,VeloX,Backfire,MaxAndRelax,MOB,Ayedog,pow,MiraculousHawks,Luxembourg,inchk1ng,RGN.tvStaff,Dobry&Gaming,Ireland,Winterfox,lanlaget,iNation,Method,MoscowFive,Arenazero.netStaff,Vination,Eanix,puta,LosJefes,TheMooninites,Thailand,Publiclir.se,RCTIC,ROCCAT,Georgia,Liquid,aimface,Poland,Moldova,Acerfe,EZPZ_LS,Check6,Devious,PugsnotDrugs,NextGaming,Gaming.dkStaff,Dexterity,[v],Pulse,Clockwork,b2W,MostlyHarmless,ToTheTop,Drake2003,Avenue,uPGaming.hellfive,Italy,Reaction,GfinityStaff,ARMADA,embrace,myKPV,Israel,NoobTubers,WMTF,SinisterGG,Malaysia,AnimalSquad,97club,SneakyAssasins,ALSENfe,WinOut.net,MiTH,TEAMSWAGYOLO,SoF,Choke,LOSMOUCHACHOS,Latvia,CdR,LQQMPP,FlipSid3,Dethrone,NiPStaff,SouthKorea,BX3,Mayhem,EuropeanMisfits,GGWP,Airwalk,1hp,unKnights,Revival,ISKOLD,Lithuania,Lions,LGBfe,SwagSilicone,Play2Win,Enervate.A,KaBuM.TD,AWTR,Cybersport.plStaff,Slovenia,Reason,Streamline,BadMonkey,Wyvern,JustDealWithIt,UberNoobs,Enemy,Refuse,aimLess,UnitedKingdom,AbsoluteTerror,RvN,Pries,JAYOB,Leader-1Red,Menace,Torqued,KnockOutStars,Albania,Nexus,vVv,Azerbaijan,SKDC,mySemperFi,uFrag,CMStorm,Quit,Na`ViStaff,Arcade,WorstPlayers,GRS.GP,GoldenVipersB,TyLoo,Torpedo,Teamnex,GEDUKT,Gamers.com.mtStaff,Singapore,iBUYPOWER,fish123,/r/Globaloffensive,Fragbite.seStaff,ExAequo,Aposis,NONAMERS,seven2007,FenixFrost,7sway,skillz.LV,NatusVincere,Sweden,LondonConspiracy,Karma,Rock,OnlineBOTS,TRS,Property,Skyfire,rizeGaming,Trasgo.netStaff,Romania,aSperia,Forbidden,WildSource,Austria,NobleHonor,Japan,Enervate,Netherlands,ACG,ACE,dignitas,LunatiK,Swarm,MWNL,KIYF,Belarus,Virtus.pro,GIANT5,Chiefs,iDomina,TES,Mastermind,CORE,FnaticStaff,uX,gBots,ubernoobz,ggrabb,Exertus,TwistoFate,Roca'scompLexity,Croatia,PGLStaff,228,Switzerland,MVP.karnal,OverGaming,m0nster,neXtPlease!,Ignite,ProjectSkyline,Phenomenon,Hitbox.tvStaff,Temp.no,PENTA,Adaptation,All-StarDragon,Orgless,Boreal,Clan-MystikStaff,CSGO.one,GamesAcademy,USA,Exgaming,THEPANTHERS,VoxEminor,Liondogs,exceL,Malta,UNLEASHED,DelinquentHabits,PlayingDucks,PiTER,Atlantis,xfunction,ConcussioN,Tempo,DeadPixels,TeamkRYSTAL,Zomblerz,ex-iBUYPOWER,EnVyUs,LoG.kz,AstralAuthority,FenixFire,Subzero,Luminosity,Macedonia,Iceland,ESC,DWG,VirtualImpact,BulletsRage.Pro,burniNg,KoNFinland,DeathNote,Tunisia,Steelseries,Awsomniac,GreyFace,OffConstantly,nxl,Levitate,Liquid8
Canada,1,2,1,6,5
SkinsVault,2,1
melty,2,2,3,4,2,1,2,3
NeckBreak,1,1
KDDA,2
HellRaisers,20,2,15,8,6,4,3,14,27,1,6,4,2,20,8,4,6,6,2,4,4,2,17,1,5,3,1,3,4,1,17,1,5,16,1,14,8,27,1,21,28,2,20,21,1,15,3,6,3,3
CzechRepublic,6
myRevenge,3,6,3,3,3,1,2
ACES,1,3,4,4,6,1,3,2,3,4,1,3,2,4,2,6
BLUEJAYS,3,3,3
Mortality,9,4,4,1,1,4,8,2,4,4,5
Nface,1
G2,8,3,22,1,8,3,2,1,9,4,2,1,4,17,2,5,2,1,7,18,2,16,6,1,14,9,2,8,5,2,2,3
Epsilonfe,1,1,1,1,1
PCBox,1
NetcodeGuides.com,1
summa.gg,2,2,4
VexX,1,1,1,1,1,1
Mindplay,1,1,1
XPC,4,2,8,2,2,2,3,2,2,2,2,2,6,4,2,2
J2G,2,1
UESmash,4,2
Finland,3,9,10,8
FACEITStaff,2,2,2
StormStudioStaff,2
BlackRavens,2
TRICKED,1,6,13,3,2,2,2,1,2,1,6,2,5,2,1,3,7,1,3
3DMAX,2,2,1,1,1,2,1,1,2,1,1,2,3,2,1,2,1,1,1,2,1,2,1
QeeYou,2,1,2,4,1,4,4,4,1,1,2,2
AWAKE,1
stfuNerd,1,1,3,3,2,2,3
Turkey,6
TSM,27,2,2,2,15,4,2,32,12,2,5,45,22,2,4,4,22,3,1,36,2,3,2,52,7,7,14,2,1,13,1,2
TSK,6,10
AVANTGARDE,1,1,2,1,2,1
Cloud9,1,4,4,1,1,14,6,5,12,16,1,7,3,5,1,14,3,1,1,4,1,1,1,13,2,2,18,8,20,5,1,14,10,1,3,1,1,4,11,4,12,1
Bovines,2,1,1
Slovakia,3
MALIK,2,2,2
Aperture,2,3,4
TST,1,1,1,1,1,1,1
mousesports,27,4,12,5,18,7,2,4,1,5,6,2,4,13,9,1,1,1,4,2,2,12,2,2,2,2,9,19,3,16,3,1,6,22,13,4,1,5,3,25,2,1,21,11,2,6,5,2
Norway,1,1,10,8,4,5,3,3
Aviato,1,1,1
BOXR,1,1,1
VegaSquadron,3,2,2,4,3,4,3,2,2,6,3,5,4,2,2,3,3,3,6,1,13,2,4,10,3
SK,20,5,5,5,4,4,1,2,4,14,2,1,8,1,4,2,1,2,2,6,7,10,4,4,4,3,4,7,4,3,10,4,6,4,2,2,16,3
AGT,3
fSociety,1,1,1,1,1
Montenegro,2
WOOSAH,1,10,2,3,2,1,1
NewZealand,8
B2A,2,2
KBP,4
Indonesia,2,2,1,2,4,1,4
EZonTheSoul,2,2,4,4
Libya,1,1,1,1,1
MIXCAT,2,2,2,2,4,6,10,8,2,4
1337,5,2,2,4,3,2,2,9,2
UnitedEstonia,2,7,2,2,2,2
DSS,2,2,2
Fraglider.ptStaff,2,4
IGG,2,6,4
Insidious,1,2,2,3,2,2
Exait,2
Airwalkers,3
Portugal,4,2,2,2
Tectonic,3,4,3
SLTV.selectahStaff,2,2,2,6,2,12
Cyprus,3
pMd,4
eXanimo,3,2,5,1,1
Vietnam,2,4,2,4,2
HD4R,3,6,4,2,4
MnM,2
Veneration,4
Team8,2,2,2
KappaKappa,2,1,2,4,2,2,1
private,2,2
GLG,2,2,2,5,2,1
GUS-Gaming,1,2
SetToDestroyX,1,1,4,4,2,3
3sUP,1,6,12,8,12,9,4,11,1,17,4,4,2,4,4,8,13,21,12,2,2,4,2,2,10,4,2
WiLD,8,1,3,1,1,1,1,1,1
ajuri,2
LCStaff,3
Immunity,4,2,1,2,3,1,3,1,2,1,5,1,5,1,1,1,1,8,4,2
AliGon,3,1,5,2,2,1,3,3,2
Australia,8
99damage.deStaff,2,2,2,2,2,3
Renegades,1,2,1,2,4,2,6,1,2,3,1,1,1,1,4,3,1,1,4,7,3,3,1,1,1,1
overGame,1,2,1,1,3
Vakarm.netStaff,2,2,2
Immersive,1,1,1
x6tence,1,3,8,4,4,2,1,1,1,1,2,2,2,3,2,3,2,5,2,2,2,2,6,3,2,15,1,1,2,2,2,8,7,7,7,6,2,3,1,3
Altitude,2
DIONAPPA,1,2
In-Finity,2
Nepal,2,2
Denmark,2,10,9,8,2,2
Philippines,2,2
GameShowStaff,2,2,6,4,2,2,2,4
Zbrilo,2,2
Morocco,1,1,1,1,1
CLGRed,1,2,1,2,2,1,2,2,2,1
DireWolves,1,4,2,6,4,1
xGame.KZ,3,2,2
carboN,2,2
SKStaff,2,2
Estonia,6
tryPANTS,3,2,2,1
Hyphen,2,2
Teamless.gg,4,2
MMM,3
WaveForm,4
Aftermatch,2,2,1,2,4,4,2
BalkanBears,2
k1ck,3,4,1,6,1,3,1,4,1,2,5,2,2,12,3,3,1,4,4,8,1,3,4,2,2,4,2,3,2,3,2,1,1,2,5,2,5,4,5,3,2,1,1,2,1,1,1,1,8,3,2,4,2
NTC,2,5
Panthers,2,1,1,4,2,1
CAZ,2,1,2,3,2,2,3,1,1,3,1,3,2,1,1
SententiaMortis,1
Exile5,1,4,4,1,1,1,1,6,1,3
E-frag.netStaff,2,2,2,2,4,2,2,2
unu.AiN,1,3,1,1,1,2,1,2,2,1,1
Quintic,1,1,1,2,1
WebersWarriors,1
AlienTech.Black,2,2,3,4,2
compLexity,9,2,14,9,16,6,2,2,6,3,4,4,5,2,8,17,1,10,2,18,2,9,8
Wizards,6,2,1,1,2,1,1,1,1,1,1,1
EasyFix,2,2,5,2,2
MOTV,2,1
hard'N'play,4,4
EpiphanyBolt,1,1,3,4,3,5,11,2,4,1,1,1,6,6,4,1,8,4,1,2,4,2
Noble,3,1,1,1,1,6,2,3,1
Russia,2,2,2,3,2
FolloweSports.com,2,2,4,2,11,6,3,4,3,6,3,4,3
OMNIPOTENCE,2
MiA,2,6,4,4
Goodgame.ruStaff,2,2,2,4,2
Fraternitas,8,6,2,4,4,8,6,3,1,7,2,4,7,2,3,6,1,6,2,3,2
meltyfe,2,2,1,1,4
madjicK,1,1
THEOLDGUARD,3
BitterSweetGG,2,2
SLTVStaff,3,2,2,2,2,2,2,4
INFINITY,5,3,4,4,4,2,4,2,1,2,4,2,1,4,2,2,4,4,2,2
FlipSid3Staff,4,2
Trifecta,2,2
LANDODGERS,3,2,3,1,2,3,3,3
HEAT,1,1,1,2,1,1
SuckBrickKids,1,1,1,3
AnxietyPack,4,4
Elysium,2,4
Hungary,2,2,6,2
xqR,2,4,4
DEMGUNZ,3
LDLCWhite,3,4,2,1,3,7,6,4,1,7,3,2,6,5,2,4,1,1,1,4,3,10,6,7,1,2,2,1,3,3,2
FTW.AcaPrinfor,1,1
QuetzaL,2
Mexico,5,4
Excellence,2,4
1GAME.uaStaff,2,2,2,2,2,2,2
KOWABUNGA,2
TheMongolz,2,1,3,1,2,7,2,1,1
Games4ufe,4,6,1,10,2,1,1,2,1,4,4,2,1
GdanskLions,4,6,2
myXMG,4,2,1,3,2,3,1,2,1,1,1,1,3,1,2,1,8
Expendables,1,1,2
Nostalgie,4,6,6,4,2
TMVG,2,2
All-StarsNA,1
OK2STRONG,1,1
ttc,2,3,2,3,1,2
ATB,2,9,1
TheFlyingV,1,2,2,1,7,1
NewEra,3,1,4,2,3,4,3,2
EURONICS,2,2,4
chosen,1,1,1
AlienTech,1,2,1,2,2,1,2,1,1,1,4,7,1,1,4,2,1,2,2,1,4,8,1
CYGANS,2
RB,1,2,1,1,1,1,2,9,1,3
SIBWAY,2
Spain,2,2,6,2,2,2,2
R5,3,4
Evolution,3,2,6,2,8,9,2,2,1,2,2,2,3,3,2,4,2,3,1,2
GREATONE-LINERS,2,2
DeToNator,2,1,3,2
GameplayDNA,2
MASSACRE-ZONE,2,2,2
webSPELL,3,1,1,1,1,1
FolloweSports,1,6,1,3,1,14,10,4,4,12,1,6,2,1,1,4,1,3,2,22,1,31,1,1,1,2,4,4,1,11,2
nerdRage,2,6,1,4,6,2,12,3,2,9,10,4,1,8,8,12,2,4,3,2,9,2,9,3,2,2,2,2,6,4,1
XENEX,4,2,2,4,2
Skillz.lvStaff,4,2
India,2,2
Hajvani,3,2,3
HungarianEsportTV,2,2,2
BZSX,1,1
INSHOCK,4,1,4,1,2,5,6,2,3
Paranoia,3,2,2
ZAC,2
RapturePlay,2
VingeN,4,2,2
SkitLite,1,1,1,2
CSGOCasino.net,2,2,2,2,1,2
Aspen,2
WinneR,3,1,1
EGB.comStaff,3
p@p@d@s,1,1,1
Renaissance,2,2
Vengeance,2
China,2,4,2,2
SpaceSoldiers,2,2,6,1,3,2,2,2,5,2,13,3,2,2,7,2,3,5,8,7,1,4,6,2,4,1,3,2,5,12,2,2,2,6,2,2,5,6
Pt3eu,2,2
MaximumEffort,4,4,1,4,1
Distinct5,4
ENCORE,4,4,2,3,2,6,2,6,6,3,2,2,1,2,3,3
KoNNorway,3,2,1
Ukraine,4,2,2
HLTV.orgStaff,2,2,12,2,2,2
Invited,2
ALTERNATE,1,2,1,2,1
Fredde,2
NoProblem!,1,3,1,2,2,2,2,1,1,3,5,3,3,1,6,6
MTW,3
dAT,5,3,1,3,3,2,1,2,2,2
USSR,2,1,4,2,2,2,1,2,2,2,4,2,2,5
ex-eLevate,3,1,1,1,2,2
eXeS,1,1
Infinity,3
JakeBube,6,6
Seelachs,3
Bulgaria,4
Ubinited,4,3,1,2,5
volgare,4,1,2,1,3,2,1,4,8,1,3,2,2,1,1,2,2,4,5,1,1,2,5,1,2,3,1,1,3,2,1,1,7,2,2,3,2,1,4,1
Algeria,1,1,1,1,1
SriLanka,2,2,2
TRIDENT,1,6,1,1,1
BTY,3
N4K,2,2
Dexterityfe,1,1,1
Acer,6,1,3,2,2,2,2,2,6,2,2,1,2,3,2,6,5,6,2,6,2,3,6,4,2,3,2,2
Divine,2,2,3,3
CSGO-Saloon,4,3,4,3,6,2
MONARCHS,1,1,1,1,1,1
beGenius,1,1,1
fm-eSports,2,2,4,3,1,7,1,1,2,3,2,1,3,2,1,2
eSuba,1,6,5,3
AsusROG,2,2
EYESONU,3,2,3
Coast,5,2,2,4,4,1
CeX,2,2,2,2,1
ZZCY,1,1,2,2
Rasta,1
mouseSpaz,1,2,1,3,2,1,2,2,4,1,10,2,3,4,3,2,2
xile,3,3
AGENT,2,2,2,2,1,3,2,3,3
ENTiTY,1,1,1,1
KeydStars,7,2,3,1,2
ex-Reason,2
Belgium,1,3,3,1
Comeback,2,2
Why.eSports,1,1,3,2,3
31337,2,9
All-StarTiger,2
CLG,1,3,2,7,6,2,2,20,17,2,7,12,19,1,3,2,2,1,8,1,3,5,2,1,3,1,1,3,9,3,3,53,25,6,1,31,2,4,2,19,1,1,7
GamePub,3,2,6,3
HKES,2,3
ReapWhatYouSow,4,1,1,2,4,1,2,2
KoNSweden,3,1,2
Puzzle,2,4,3,1
Titan,28,3,14,11,4,2,3,19,25,1,2,5,2,28,9,2,2,2,2,7,14,26,4,2,1,3,4,1,7,30,12,6,3,3,2,17,1
myXMGStaff,2,2
HellRaisers.proStaff,2,2
HS.GG,3
H2B,2,6,8,6,3
Caseking,4,4,4,2,6
Wrecking,2,3,6,2,2,2,2,4,3,7
Serbia,1,2,1,2,2
Leader-1,2,6
All-StarsEurope,1
Secret,1,2,4,2,1,4,3,6,14,1,1
Rhythm,1,1
Forge,4
NiP,10,2,32,14,3,5,4,2,29,1,3,1,6,4,40,17,4,6,1,3,6,3,23,11,2,19,2,1,10,1,2,2,1
roflhehe,2
Brutality,2
Freaks4UStaff,2,2,2,2,2
NapalmeSports,6
eBettle,6,1,4,2,3,9,4,1,4,3,2,14,3,12,2,2,5,4,1,1
eNergy,3,3,6,2,2
34united,1
Bravado,1,3,6,1,2,1,3
Disruption,4
Propertyfe,2,2
Germany,1,1,4,2
FLUGGENKLINGENKEIN,4
Kazakhstan,2,2,2
MISZCZOWIEGRY,3
WEPLAY,1,2,1
VERYT0X1C,4
Kyrgyzstan,2,2,2,4,2,2
HEADSHOTBG,1,1,1,4,6,13,2,2,5,3,2,3,3
Deponeret,1,2,3,2,2
Gamerdesk,1
Greece,2
Orbit,7,1,2,1,1,1,5,1,2,4,3,5,1,3,2,2,2,2,6,2,3,2,1,2,2,12,3,2,4,1,2,1,3,2,2,5,2
Egypt,1,1,1,1,1
PerilousRAGE,2,2
Coastless,1,2,2,1,1
Enso,4,2,3,5,7,2,2,6,2,3,1,6,4,3,2
CPLAY,2,6,4,3,1,2,2,4,5,1,1,2,3,2,1,1,1,1,6,1,6,1,2,6
LGB,21,1,7,4,3,6,1,2,2,5,1,5,4,2,1,2,3,2,8,6,9,5,1,2,4,2,8,1,7,5,14,1,3,1,10,1,4,7
Dynasty,2,3,6,1
Violetdreams,1
FiveGuys,6
DISMAY,3,2
Denial,2,3,6,2,3,2,6,1,8,1,1,6,1,2,6,1
eaZyQuaL,2
BarelyPositive,1,1,4,1
Penguin,2,1,1
EYESports,3,1,2,3,3,4
h00liGaNz,4
3v,2,2,1,1
nEophyte,2,3
Palestine,2,2
EternalConflict,2,3
KoNDenmark,3,2,3
PrecisionGaming,1,1,1
Games4u,2,1,4
Epsilon,5,2,6,3,6,3,3,2,2,1,2,1,4,8,3,2,5,2,3,19,2,4,4,2,2,3,2,2,3
LeiSuRe,1,5,1
fnatic,10,3,52,8,1,10,2,23,22,2,2,50,1,3,3,38,5,13,7,20,2,2,3,6,2,3,5,30,1,1,10,2,6
SYNRGY,5,1,3,2
XPCStaff,2,2,2,2,2,2
Earthquake,2,2
Braindead,4,4
NightRaid,2,4
Area51,2,1,2,3,3,2,3,5,1,1,2,1,1,4
dope,6,8,2,4,2,4,4,6
auRa,4
GirlsGeneration,2
SYF,4,6,4
Gosu,1,2,4
NewErafe,1,1,1
RampageKillers,2,5,3,2
SouthAfrica,1,1,1,1,1
Platinium,3
Evokate,2
Incursion,3,4,4,1,1
Conquest,4,10,11,9,10,21,3,9,4,1,4,6,2,4,4,8,19,17,10,3,2,4,2,10
Virtus.proStaff,2,2
Recursive,3,2
mesport.hu,4,6
CPHWolves,8,2,2,3,2,2,4,1,5,4,4,1,4,6,4,1,12,5,3,3,3,6,6,1,1,3,3,2,15,4,4
Paradox,1,1,2,2,1,1
KILLERFISH,4,8,2,2,3,9,6,2,5,2,3,1,2,4,6,11,4,2,6,4,1,12,2,2,2,6,3,2,3,6,4,5,5,9,2,6,3,3,1
LDLCBlue,1,3,7,1,6,3,6,1,2,2,1,6,1,4,4,3,3,3,1,2
iSg.vA,2,4
France,2,2,1,2,5,2,2,2,2,2
DenDD,2,2,2,3,2,2,2,3,2
Venom,2,3,1,1,1,2
VatosLocos,4
SAIDERc,2,2,2
FTW,2,1
faithIN,4
Planetkey,2,2,4,1,10,1,2,2,2,1,3,1,1,2,5,3,4
RIPFonty,2,2,2,2,2
OHYEA,2,2
Infused,1,3,5,2,2,1,2,1,7,2,4,2,2,2,12,6,4,4,4,1,4,2,2
EZskins.com,4,2,6,1
DamageControl,3,3
eXtasis,3
E-frag.net,2,24,12,3,12,6,15,2,4,3,3,5,7,11,6,1,11,7,18,2,5,2,1,2,2,7,2,1,6,4,1,2,2,2,2,5,4,1,2,6,4,2,2,8,2,2,4,2,14,2,4,20,4,10,1,8,1,5,9,4,5,2,2,1,10,10,2,5,5,2,1,7,3
CSGL,4,16,5,3,2,16,3,1,2,16,6,2,1,9,6,1,1,7,3,6,15,6,6,1,1,2,5,7,12,1,20,1,12,1,2,2,2,5,8,4,6,2,2,21,14,2,1
Crystallize,2
Ascendancy,1,2,3,1,3,1,1
XPRESIV'E,2
Vexed,4,4,2,2,4,1,3,2,2,5,5,2,1,3,1,3
VeloX,4
Backfire,2,2,1,2,1,1
MaxAndRelax,3,3,2,2,1
MOB,1,2
Ayedog,1,1
pow,2,2
MiraculousHawks,2
Luxembourg,2
inchk1ng,1,1,1
RGN.tvStaff,2,2,2,2,2
Dobry&Gaming,11,4,2,4,3,2,4,6,2,2,3,4,2,4,10,3,2,4,6,4,6,12,2,4
Ireland,4,2
Winterfox,6,6,1,4,4,9,16,16,11,7,21,4,3,1,3,2,3,3,1,1,1,8,2,17,16,19,1,2,1,12,1,5,2,21,3,1,9
lanlaget,1,2,1
iNation,2,7,3,4,2,3,12,2,1,3,1,1,1,2,1,2
Method,12,1,2,12,5,11,3,4,9,7,6,5,4,6,17,11,21,4,6,5,1
MoscowFive,2,3,3,4,1,2,3,3,2,2
Arenazero.netStaff,2,2,2
Vination,6,2,2,3,4,2
Eanix,1,2
puta,1,1,1,2,2
LosJefes,2,8,2,2,4,4,2
TheMooninites,2,1
Thailand,2,2,2
Publiclir.se,4,1,2,3,1,3,4,3,1,2,2,1,8,1,1,1,2,1,5,2,1,4,1,2,1,2,1,1,3,3,1,2,2,1,2,2,2,1,1,4,4,3,2,1
RCTIC,3,4,2,5,2,2,4,1,4,2,2,1
ROCCAT,2,3,2,1,6,1,2,1,1,3,4,1,3
Georgia,6,3
Liquid,2,1,6,2,4,10,18,3,13,17,6,2,12,2,4,3,4,13,2,2,1,2,1,12,2,2,2,25,53,1,1,22,3,1,2,17,18,7,1,1
aimface,2,6,4
Poland,2,1,2,2,5,3,2,3,2
Moldova,2,4
Acerfe,1,1,10,10
EZPZ_LS,4,2,2,2,4,2,8
Check6,1,3,2,2,3
Devious,1
PugsnotDrugs,1,2
NextGaming,2
Gaming.dkStaff,2,2,2,2
Dexterity,3,2
[v],2
Pulse,2,3
Clockwork,1
b2W,2
MostlyHarmless,1,4,2,2,1,1
ToTheTop,2
Drake2003,4
Avenue,2
uPGaming.hellfive,1,2
Italy,6
Reaction,1,2
GfinityStaff,2
ARMADA,3,4,6
embrace,2,2,6
myKPV,6,1,2,6,3,5,1,2,2,3,6,2,1,4,1,1,2,1,2,2,1,2,2,1,2,8,2,1,2
Israel,2
NoobTubers,3,2
WMTF,3,3
SinisterGG,4
Malaysia,2,2,2
AnimalSquad,1,1,1,1,1
97club,3,3,2
SneakyAssasins,6
ALSENfe,2,2
WinOut.net,1,1,1,4,4,3,1,6,5,1,1,3,2,1,2,2,1,1
MiTH,2,1,1
TEAMSWAGYOLO,2,1,9,2,6,3,3,2,3,2,3,6,3
SoF,3,4
Choke,2,2,2,1,12,6,1,2
LOSMOUCHACHOS,2
Latvia,2,2,2,2,2,4
CdR,2,2
LQQMPP,1,1,1
FlipSid3,2,2,6,7,2,27,2,1,4,1,1,6,37,11,13,3,5,1,14,14,1,1,6,4,3,8,2,3,9,2,18,2,2,1,3,2,2,2,3,8,1,1,1,14,12,1,10,11,12,1,1,1,10
Dethrone,1,1,1
NiPStaff,2,4
SouthKorea,2,2,2
BX3,2,1,7,1,2,2,2
Mayhem,3
EuropeanMisfits,2,1,4,3,2,1,2,3
GGWP,2,1,2,1,1,2,1,1,3,4,2,2,2,1,1,2,3,3,2,1,3,1,1,2
Airwalk,2,2
1hp,2
unKnights,2,3,2
Revival,3,2,2
ISKOLD,6,2,2,4,3
Lithuania,2,4
Lions,3,1,5,3,1,2,1,1,4,7,2,1,3,3,1,1
LGBfe,9,1,1,10,2,1,1
SwagSilicone,2,2,2,2,2
Play2Win,2,3
Enervate.A,2
KaBuM.TD,2,2,1,1,1,1,1,3
AWTR,2,4
Cybersport.plStaff,2
Slovenia,4,2
Reason,6,4,11,6,5,4,2,1,3,4,3,8,2,4,4,4,2,3,6,4,13,1,1,2,1,2,2,2,3,3,14,3,4,4,4,2,2,2,4,3
Streamline,6,4,4,1,1,3,1
BadMonkey,3,2
Wyvern,2
JustDealWithIt,2,3
UberNoobs,3
Enemy,2,1,3,2,4,5,8,8,12,1,3,2,2,5,9,1,2,12,6,9,3,5,3,8,2,2,3
Refuse,3,2,1
aimLess,2
UnitedKingdom,4
AbsoluteTerror,2,2
RvN,2
Pries,13,2,1,2,2,4,4,4,2,4,3,2,4
JAYOB,4
Leader-1Red,1,1,3
Menace,1,2,2,1
Torqued,3,1,3,1,5,2,3,1,3,2,1,1,1,2
KnockOutStars,2,2,3,2
Albania,2
Nexus,7,8,4,2,1,4,2,3,1
vVv,5,2,1,2,2,2,4,2,2,2,2,4,4
Azerbaijan,2
SKDC,1,8,12,18,12,8,3,2,9,1,11,6,2,5,4,1,5,3,5,7,7,1,11,3,2,10,3
mySemperFi,1
uFrag,2
CMStorm,2,2,9,2
Quit,3,2,2,2
Na`ViStaff,2,2
Arcade,5,5,3,2,2,6,1,3,1
WorstPlayers,2,9,6,2,2,5,1,3,4,4,2,4,4,1,4
GRS.GP,4
GoldenVipersB,6
TyLoo,2,2,4,1,2,2,3,8,2,6,2
Torpedo,2,2,2,8,2,1,6,1,1,2,3,12,3,3,2,2,4,3
Teamnex,3
GEDUKT,3,1,2
Gamers.com.mtStaff,2
Singapore,1,2,2,1,2
iBUYPOWER,1,1,1
fish123,2,2,2,2,2
/r/Globaloffensive,2,2,2,2,2
Fragbite.seStaff,2,2,2,4,2,2,2,2,2
ExAequo,2,2,2,2,2,2
Aposis,4,2,2,4
NONAMERS,2
seven2007,4
FenixFrost,1,1,1
7sway,2,2,2,3,3,4
skillz.LV,1,2,1,3
NatusVincere,17,6,36,16,4,1,4,3,17,19,2,43,16,4,2,20,6,24,6,2,2,4,8,3,7,1,4,2,7,18,4,4,3,26,4,12,2
Sweden,2,2,8,3,10,1,1,5
LondonConspiracy,4,3,2,2,2,2,5,4,6,4,3,2,6
Karma,1,2,1,1,1
Rock,3,1,3,20,5,4,1,4,2,9,12,3,3
OnlineBOTS,1,2,1,3,2,1,3,4,1,2,2
TRS,1,4,2,2
Property,14,3,2,1,14,4,3,6,3,6,1,5,4,1,4,2,3,1,2,3,10,4,4,4,20,2,8,7,7,7,4,16,2,1,3
Skyfire,6,6,4
rizeGaming,3
Trasgo.netStaff,2,2
Romania,2,2,2,4
aSperia,2,2
Forbidden,1,3
WildSource,3,3
Austria,3
NobleHonor,3,6
Japan,2,2,2
Enervate,2,4,2,3,3,3,4
Netherlands,1,2,1,2,2
ACG,5,2,6,2,4,2,5,2
ACE,6,5,4,3,12,4,5,1,4,3,4,4,1,2,2,6,2,4,3,8,2,10,3,9,12,6
dignitas,20,8,2,2,3,3,1,27,11,3,4,10,18,2,5,3,5,13,8,5,2,1,4,10,6,6,2,4,15,16,4,2,2,5,24,2,7,2,16,1,14,1,37,2,4,6,3,11,1,2,15,2,8,2,2,2,6
LunatiK,2,5,1,2,8,9,4,4,2,3,1,1,3,3,10,1,2,1,4,2,18,3,4
Swarm,2,4,2,6,6
MWNL,1,1,1
KIYF,4,4,3,3
Belarus,4
Virtus.pro,20,5,45,13,1,14,2,1,29,13,8,2,17,2,3,1,2,2,2,25,4,3,2,3,43,2,9,1,5,2,50,14,6,1,5,4,28,1,14,2,2,4
GIANT5,1,1,1,1,1
Chiefs,1,1,1,1,1,4,5
iDomina,2,2,2,2,2
TES,2,2,5,2,2
Mastermind,2,2
CORE,2
FnaticStaff,2,2,3,2,2,2,2
uX,2,1,6,1,1,6,5,3,4,4,2,4,3,2,3,2,4,1,3,4
gBots,4,2,2
ubernoobz,1
ggrabb,1
Exertus,6,2,2
TwistoFate,2,1
Roca'scompLexity,2,1,1,1,4
Croatia,4,3
PGLStaff,2
228,2,2
Switzerland,4
MVP.karnal,1,1,3,1,1,1,2,2,2,8,5,1,1,2,1
OverGaming,5,3,2,2,2,3,4,2,8,2,2,4,2,2,2,1
m0nster,1,2,1,1,2,4,1
neXtPlease!,2,1,7,5,3,1,2,1,2,1,1,2,1,2,3,4,1,1,1,3,3,1,2,1,2
Ignite,5,2
ProjectSkyline,4,2
Phenomenon,6,2,6,2,4,4,10,2,2,9,2,8,6,6,8,3,2,2,7,2,6,1,2
Hitbox.tvStaff,2,2
Temp.no,2
PENTA,4,21,15,13,9,2,15,4,1,10,21,8,5,3,2,14,5,10,6,2,2,1,7,9,2,10,4,6,2,12,2,21,4,16,10,11,2,10,17,16,2
Adaptation,6,1,1
All-StarDragon,2
Orgless,3,2,2,3,3,4,2,3,3,2,3
Boreal,1,2,2,1,1
Clan-MystikStaff,2,2
CSGO.one,3
GamesAcademy,2,3,6,4,4,7,2,6,4,4,4
USA,6,1,1,4
Exgaming,1,1,1
THEPANTHERS,2
VoxEminor,6,1,1
Liondogs,4,6
exceL,2,2,2
Malta,2
UNLEASHED,1,1,1,2,2,2,1
DelinquentHabits,2,2,6,4,3
PlayingDucks,4,3,3,6,1,2,2,2,4,4,2,6,2,1,2,5,4,1,1,3,1,2,4,2,2,5
PiTER,2,1,3,2,2,2,1,2,3,2,6,5,3,1,2,1,2,11,5,2,1,4,2,3,3,2,1,1,2,2,2,4,3,4,11,5,2,6,2,3,2,2,3,4,2,1,1,5,1,5,2,9,3,5,3,3,2,5,5,3,4,2,7,3,3
Atlantis,1,5,7,1,1,3,3
xfunction,3,1,5,4,1
ConcussioN,1
Tempo,2,2,2,4,1,1,4,6,3
DeadPixels,2,2
TeamkRYSTAL,3
Zomblerz,1,1,1
ex-iBUYPOWER,1,1,1,1,2
EnVyUs,17,4,22,15,13,1,1,40,12,4,25,7,24,1,1,8,1,3,1,2,2,5,6,2,38,9,2,9,2,14,7,9,6,1
LoG.kz,2,2,2,3
AstralAuthority,1,1,2,7,3,4,6,4
FenixFire,5,2,2,2,5,3,3,1,2,1,2,1
Subzero,4,4
Luminosity,1,1,4,2,8,8,21,16,1,2,11,3,2,3,2,2,6,2,2,25,25,1,1,7,3,11,3,4,10,2,1
Macedonia,4
Iceland,6,2,2
ESC,6,1,3,1,2,6,6,4,2,2,3,1,7,1,1,1,12,3,8,3,1,19,3,1,5,14,7,2,4,1,3,1,4,1,3,1,3,3,2,2,2,1,9,1,1,1,2,1,4,2,1,1,1,7,3
DWG,2,2
VirtualImpact,2,1
BulletsRage.Pro,2,2,2,3
burniNg,3
KoNFinland,2,1,1
DeathNote,2
Tunisia,2,1,1,1,1,1,2
Steelseries,4,4,6
Awsomniac,1,1,1,1,1,1
GreyFace,1,2,5,2,3,2,2,2,2,3
OffConstantly,1,1,3
nxl,1,2,2,14,2,7,3,5
Levitate,4,2
Liquid8,1,1,1
